Hypothesis,Estimate,Est.Error,CI.Lower,CI.Upper,Evid.Ratio,Post.Prob,Star
(gamifiedTRUE) = 0,0.00269902708499064,0.45363205136717,-0.887883689299172,0.890353311524001,6.73171068909272,0.870662516975613,""
(gamifiedFALSE:exp_group_c) = 0,-0.675590866887294,1.16655281034419,-2.94669356333066,1.63707815355787,2.18215466361178,0.685747518360723,""
(gamifiedTRUE:exp_group_c) = 0,-1.28520128133579,1.17715834149075,-3.58828855771318,1.05078185590376,1.38936875476813,0.581479418777684,""
(gamifiedFALSE:gamified_first_c) = 0,0.59797889827075,1.17358544171,-1.71210823724909,2.90212942758288,2.24591362180797,0.691920329215969,""
(gamifiedTRUE:gamified_first_c) = 0,-2.56957781133223,1.17900835473393,-4.88754574033567,-0.260974540627644,0.249935969373741,0.199959018299927,*
(gamifiedFALSE:exp_group_c:gamified_first_c) = 0,-0.262245428111224,1.83837684434319,-3.87366307543053,3.33481553371225,1.61037301291737,0.616912987128076,""
(gamifiedTRUE:exp_group_c:gamified_first_c) = 0,-2.64905436592594,1.84275080728303,-6.24112707906286,0.939905106055113,0.587204037101196,0.369961279945861,""
