Hypothesis,Estimate,Est.Error,CI.Lower,CI.Upper,Evid.Ratio,Post.Prob,Star
(gamifiedTRUE) = 0,-0.00767144803193746,0.0259299702901843,-0.0586667243734007,0.0430480857809737,37.5248640138109,0.974042737707224,""
(gamifiedFALSE:exp_group_c) = 0,-0.178279255919561,0.0925482237555547,-0.359616256204613,0.0039463121492876,1.72245061141596,0.632683878338607,""
(gamifiedTRUE:exp_group_c) = 0,-0.157272451108139,0.0927331798537097,-0.341441393771734,0.0242080012240911,2.69686862988025,0.729500801863118,""
(gamifiedFALSE:gamified_first_c) = 0,0.0713323603466059,0.0934085833407922,-0.111926909785184,0.254935099294269,8.13190761872393,0.890493854980572,""
(gamifiedTRUE:gamified_first_c) = 0,-0.077303259972762,0.0932214126508365,-0.261307120593465,0.105105559842039,7.75950077669948,0.885838242898496,""
(gamifiedFALSE:exp_group_c:gamified_first_c) = 0,-0.234572784001856,0.18398944398159,-0.595127648940704,0.124879935501589,2.53129405797313,0.71681769244276,""
(gamifiedTRUE:exp_group_c:gamified_first_c) = 0,-0.171441211000121,0.184055190462645,-0.531783224209339,0.190083186097531,3.63578955278741,0.784287015488285,""
