Hypothesis,Estimate,Est.Error,CI.Lower,CI.Upper,Evid.Ratio,Post.Prob,Star
(gamifiedTRUE) = 0,-0.814016240104708,1.3732248264706,-3.53441484328309,1.89787192856436,6.04921003926482,0.858140132804967,""
(gamifiedFALSE:exp_group_c) = 0,-2.69321460723964,3.71118329658937,-9.90103663935956,4.58375882386955,1.99213784573045,0.665790798566676,""
(gamifiedTRUE:exp_group_c) = 0,-3.62091912901612,3.71681759190955,-10.8976748047593,3.64911053879364,1.66529462435677,0.624806957226601,""
(gamifiedFALSE:gamified_first_c) = 0,0.734170099510584,3.72914804425985,-6.63750044847862,8.05290360670192,2.65992551465808,0.726770395737569,""
(gamifiedTRUE:gamified_first_c) = 0,-10.3394390715063,3.73375028486047,-17.6856852752919,-2.96080386096134,0.0572548646890379,0.0541542693264201,*
(gamifiedFALSE:exp_group_c:gamified_first_c) = 0,-0.951733676962843,5.92069641313674,-12.5872302772817,10.6852677855226,1.64487451695591,0.621910229166207,""
(gamifiedTRUE:exp_group_c:gamified_first_c) = 0,-2.43285687481347,5.91324990061379,-13.9584119145578,9.07968451251116,1.50081392738756,0.600130185997231,""
