Hypothesis,Estimate,Est.Error,CI.Lower,CI.Upper,Evid.Ratio,Post.Prob,Star
(gamifiedTRUE) = 0,-4.70472093948621,17.3962772302068,-38.899280927858,29.5027738292417,5.41047978309929,0.844005435812087,""
(gamifiedFALSE:exp_group_c) = 0,-51.7898458174088,40.9882415618846,-133.197395370997,28.8747764818629,1.05416126532933,0.513183304116253,""
(gamifiedTRUE:exp_group_c) = 0,-51.8167906376255,41.0078007772672,-132.718383751186,29.141230994156,1.07317802242155,0.517648755106924,""
(gamifiedFALSE:gamified_first_c) = 0,19.5100751232637,41.2737340812469,-61.1522235968455,100.187794914884,2.15862241762289,0.683406286734146,""
(gamifiedTRUE:gamified_first_c) = 0,-103.712997031288,41.4169034913701,-184.356882070676,-21.9366980939014,0.104175273052017,0.0943466817220684,*
(gamifiedFALSE:exp_group_c:gamified_first_c) = 0,-26.028789716504,63.8217066723272,-151.665995351083,98.4704282591666,1.41417112881122,0.585779157050719,""
(gamifiedTRUE:exp_group_c:gamified_first_c) = 0,-35.5156546742915,64.0126455959421,-160.774047297353,90.9643271038287,1.33721970797878,0.572141208382674,""
