Hypothesis,Estimate,Est.Error,CI.Lower,CI.Upper,Evid.Ratio,Post.Prob,Star
(gamifiedTRUE) = 0,0.451509085951989,0.101839379314607,0.2520347152184,0.650372848972424,0.0012088597820395,0.00120740020449146,*
(gamifiedFALSE:exp_group_c) = 0,-0.24194251161833,0.218622554987393,-0.669489995247123,0.189043338893259,2.43883516995332,0.709203858115254,""
(gamifiedTRUE:exp_group_c) = 0,0.117325141352641,0.218659849117949,-0.313299868379975,0.543460617448094,3.91127303229861,0.796386803701693,""
(gamifiedFALSE:gamified_first_c) = 0,-0.122023545962389,0.217687919981438,-0.546703996188489,0.304786127660046,3.88306789105722,0.795210711317083,""
(gamifiedTRUE:gamified_first_c) = 0,-0.18501959682639,0.219584424779026,-0.618914516856952,0.248184172950213,3.08960229611943,0.755477445582206,""
(gamifiedFALSE:exp_group_c:gamified_first_c) = 0,-0.0141288707356871,0.401907548677645,-0.811193648804879,0.771444484213078,2.48791875867335,0.713296074481862,""
(gamifiedTRUE:exp_group_c:gamified_first_c) = 0,-0.160782212604445,0.401144324879467,-0.946281623947643,0.63192662829515,2.22452746786568,0.689877040910462,""
