Hypothesis,Estimate,Est.Error,CI.Lower,CI.Upper,Evid.Ratio,Post.Prob,Star
(gamifiedTRUE) = 0,0.325664486064813,0.0695231081456128,0.189493342814151,0.461989971720631,7.7318950137644e-08,7.73189441594244e-08,*
(gamifiedFALSE:exp_group_c) = 0,-0.416002838880981,0.168078012743447,-0.747693847785424,-0.0855578454307051,0.298091816522618,0.229638468348995,*
(gamifiedTRUE:exp_group_c) = 0,-0.118338029501644,0.167868921902252,-0.451347187391802,0.20774942992855,4.7186839975542,0.825134593828285,""
(gamifiedFALSE:gamified_first_c) = 0,-0.513941094225098,0.168308820591646,-0.843628099001495,-0.184017555606472,0.0713359431527485,0.0665859701699354,*
(gamifiedTRUE:gamified_first_c) = 0,-0.0112332227350185,0.167970880133237,-0.341275227589767,0.320992844009422,6.0371396208641,0.857896808380049,""
(gamifiedFALSE:exp_group_c:gamified_first_c) = 0,-1.03838522904036,0.31787473169746,-1.66082496096567,-0.41750093333335,0.0215861677506636,0.0211300509267781,*
(gamifiedTRUE:exp_group_c:gamified_first_c) = 0,-0.372302328249424,0.319229518079327,-0.992822027920362,0.259392528525964,1.6076482383877,0.616512693208077,""
