Hypothesis,Estimate,Est.Error,CI.Lower,CI.Upper,Evid.Ratio,Post.Prob,Star
(gamifiedTRUE) = 0,0.904437963139473,0.132486570182596,0.644984253486203,1.16448494407245,6.70683474404606e-19,6.70683474404606e-19,*
(gamifiedFALSE:exp_group_c) = 0,-0.537282529977594,0.246197578424731,-1.0187624915415,-0.0571653557126964,0.371668864091534,0.27096107072292,*
(gamifiedTRUE:exp_group_c) = 0,0.608659734269089,0.245069932581968,0.127517918476039,1.08716532802886,0.199567358774912,0.166366113011549,*
(gamifiedFALSE:gamified_first_c) = 0,-0.805119417892166,0.246032841581369,-1.28597569015236,-0.320272295200161,0.0286935710480856,0.0278932150988862,*
(gamifiedTRUE:gamified_first_c) = 0,-0.364597279986608,0.245201227867203,-0.84359674099224,0.118675847091735,1.34781496390756,0.574072056200008,""
(gamifiedFALSE:exp_group_c:gamified_first_c) = 0,-0.574614969426705,0.446562612098715,-1.44722605043223,0.311704744089062,0.978918256695285,0.494673417349759,""
(gamifiedTRUE:exp_group_c:gamified_first_c) = 0,0.242286644580034,0.447736216167565,-0.633892022946896,1.11508090670291,1.96706051248381,0.662966091930875,""
