Hypothesis,Estimate,Est.Error,CI.Lower,CI.Upper,Evid.Ratio,Post.Prob,Star
(exp_group_c) = 0,0.619166970075606,0.226422740975656,0.17273779291348,1.06365132163475,0.114992255119484,0.103132783740423,*
(gamified_first_c) = 0,-0.165527952949181,0.225828458114968,-0.607062052950812,0.27752050359059,3.29105457024637,0.766957053649732,""
(exp_group_c:gamified_first_c) = 0,0.0185490403135292,0.420021505825523,-0.802751447277026,0.844345102138007,2.33890240200192,0.70050038018469,""
