Hypothesis,Estimate,Est.Error,CI.Lower,CI.Upper,Evid.Ratio,Post.Prob,Star
(gamifiedTRUE) = 0,0.00748773557177354,0.0158830755327083,-0.0234787994868966,0.0386154816840494,5.61857112957584,0.848909986699186,""
(gamifiedFALSE:exp_group_c) = 0,0.00767459668361746,0.0426990063931889,-0.0764791637926821,0.0914812002620807,2.32237578017808,0.699010567688885,""
(gamifiedTRUE:exp_group_c) = 0,0.0349471164675968,0.0427296046954704,-0.049420897784121,0.118599164857674,1.65992789466121,0.624049959396599,""
(gamifiedFALSE:gamified_first_c) = 0,0.0365781550999087,0.0430071679897071,-0.0483090692699371,0.120509662201471,1.62269735165665,0.618713154467349,""
(gamifiedTRUE:gamified_first_c) = 0,0.0906299465368302,0.0430219149634079,0.00538067187060546,0.174722261481299,0.271255615895639,0.213376139703054,*
(gamifiedFALSE:exp_group_c:gamified_first_c) = 0,0.0889145606225647,0.0649696712898582,-0.0384033154741123,0.215757105909857,0.626989224452408,0.385367779349266,""
(gamifiedTRUE:exp_group_c:gamified_first_c) = 0,0.0605852822059141,0.0650170791222591,-0.0670561326753283,0.187721093533892,1.02220079270148,0.505489265156459,""
