Hypothesis,Estimate,Est.Error,CI.Lower,CI.Upper,Evid.Ratio,Post.Prob,Star
(gamifiedTRUE) = 0,0.00510174736471955,0.143947088919528,-0.276655077423481,0.28769729882002,7.00293631760145,0.875045863128934,""
(gamifiedFALSE:exp_group_c) = 0,0.523607763707897,0.23477602082578,0.0627211657520826,0.9827766404578,0.365585116850189,0.267713167300355,*
(gamifiedTRUE:exp_group_c) = 0,0.539099047831495,0.232894350053726,0.0764103023465915,0.988236307417074,0.324909369324517,0.245231392310379,*
(gamifiedFALSE:gamified_first_c) = 0,-0.65578129093936,0.234814963782492,-1.11543512187,-0.193843321452963,0.0837217296600751,0.0772538995654684,*
(gamifiedTRUE:gamified_first_c) = 0,-0.855271386196451,0.23364943389265,-1.31396581939581,-0.396985983207996,0.00812942415077088,0.00806386953502419,*
(gamifiedFALSE:exp_group_c:gamified_first_c) = 0,-0.499066696360552,0.434987268612208,-1.34883566252559,0.360014692673384,1.15589064847673,0.536154581538464,""
(gamifiedTRUE:exp_group_c:gamified_first_c) = 0,-0.124159583905045,0.434343729050214,-0.972463869639925,0.724416163350203,2.17563560847347,0.685102409945359,""
