Hypothesis,Estimate,Est.Error,CI.Lower,CI.Upper,Evid.Ratio,Post.Prob,Star
(gamifiedTRUE) = 0,0.00868739713949457,0.053340580046417,-0.0961207579174131,0.113678260476742,18.9940242039199,0.949985056044698,""
(gamifiedFALSE:exp_group_c) = 0,-0.150083022245501,0.153906335893056,-0.452906618092548,0.150891469241529,4.18216878282225,0.807030600138926,""
(gamifiedTRUE:exp_group_c) = 0,-0.173554558984789,0.154151350489114,-0.476264023035698,0.128680032737206,3.54117938305384,0.779792887342952,""
(gamifiedFALSE:gamified_first_c) = 0,0.170015855884293,0.153214214350427,-0.131329732034957,0.472292391958621,3.48467848035201,0.77701857460214,""
(gamifiedTRUE:gamified_first_c) = 0,-0.208223991307939,0.153438101950148,-0.508815362918212,0.0973674661621104,2.62827039208791,0.724386583155247,""
(gamifiedFALSE:exp_group_c:gamified_first_c) = 0,-0.138816109108631,0.294148206242234,-0.718450725865684,0.441407061478773,3.03207812017243,0.751988932209172,""
(gamifiedTRUE:exp_group_c:gamified_first_c) = 0,-0.179908086923406,0.293419629168187,-0.756718096196944,0.400698608783492,2.84910745789023,0.740199510941136,""
